{
  "losses": [
    0.0031222434008804077,
    0.0011054584451060708,
    0.0006827361085296121,
    0.00026421443795485817,
    0.00012492667181964484,
    9.415436921084187e-05,
    8.359933344647618e-05,
    7.680829821104615e-05,
    7.023466785650181e-05,
    6.46375796591384e-05
  ],
  "metrics": {
    "adjusted_arithmetic_mean_rank": {
      "both": {
        "realistic": 0.2087186554987672
      },
      "head": {
        "realistic": 0.41391339161808366
      },
      "tail": {
        "realistic": 0.005214722794783204
      }
    },
    "adjusted_arithmetic_mean_rank_index": {
      "both": {
        "realistic": 0.7914608646194758
      },
      "head": {
        "realistic": 0.5862201279219352
      },
      "tail": {
        "realistic": 0.9950100367552263
      }
    },
    "arithmetic_mean_rank": {
      "both": {
        "optimistic": 920.1898217366303,
        "pessimistic": 920.1905117883841,
        "realistic": 920.1901667625071
      },
      "head": {
        "optimistic": 1817.294077055779,
        "pessimistic": 1817.295457159287,
        "realistic": 1817.294767107533
      },
      "tail": {
        "optimistic": 23.08556641748131,
        "pessimistic": 23.08556641748131,
        "realistic": 23.08556641748131
      }
    },
    "geometric_mean_rank": {
      "both": {
        "optimistic": 33.4560388539031,
        "pessimistic": 33.45605949268989,
        "realistic": 33.45604917786469
      },
      "head": {
        "optimistic": 542.1453228923516,
        "pessimistic": 542.1459917835634,
        "realistic": 542.1456574859587
      },
      "tail": {
        "optimistic": 2.06458764565626,
        "pessimistic": 2.06458764565626,
        "realistic": 2.06458764565626
      }
    },
    "harmonic_mean_rank": {
      "both": {
        "optimistic": 2.4588809923437687,
        "pessimistic": 2.4588809989505105,
        "realistic": 2.4588809956505253
      },
      "head": {
        "optimistic": 41.851470762836215,
        "pessimistic": 41.85147459076458,
        "realistic": 41.85147267876187
      },
      "tail": {
        "optimistic": 1.266649959207211,
        "pessimistic": 1.266649959207211,
        "realistic": 1.266649959207211
      }
    },
    "hits_at_k": {
      "both": {
        "optimistic": {
          "1": 0.384186313973548,
          "3": 0.40994824611845887,
          "5": 0.4255894192064405,
          "10": 0.4490511788384129
        },
        "pessimistic": {
          "1": 0.384186313973548,
          "3": 0.40994824611845887,
          "5": 0.4255894192064405,
          "10": 0.4490511788384129
        },
        "realistic": {
          "1": 0.384186313973548,
          "3": 0.40994824611845887,
          "5": 0.4255894192064405,
          "10": 0.4490511788384129
        }
      },
      "head": {
        "optimistic": {
          "1": 0.011845888441633123,
          "3": 0.020471535365152387,
          "5": 0.03001725129384704,
          "10": 0.041058079355951696
        },
        "pessimistic": {
          "1": 0.011845888441633123,
          "3": 0.020471535365152387,
          "5": 0.03001725129384704,
          "10": 0.041058079355951696
        },
        "realistic": {
          "1": 0.011845888441633123,
          "3": 0.020471535365152387,
          "5": 0.03001725129384704,
          "10": 0.041058079355951696
        }
      },
      "tail": {
        "optimistic": {
          "1": 0.7565267395054629,
          "3": 0.7994249568717654,
          "5": 0.821161587119034,
          "10": 0.857044278320874
        },
        "pessimistic": {
          "1": 0.7565267395054629,
          "3": 0.7994249568717654,
          "5": 0.821161587119034,
          "10": 0.857044278320874
        },
        "realistic": {
          "1": 0.7565267395054629,
          "3": 0.7994249568717654,
          "5": 0.821161587119034,
          "10": 0.857044278320874
        }
      }
    },
    "inverse_arithmetic_mean_rank": {
      "both": {
        "optimistic": 0.0010867322984650578,
        "pessimistic": 0.0010867314835234572,
        "realistic": 0.0010867318909941047
      },
      "head": {
        "optimistic": 0.0005502686728722038,
        "pessimistic": 0.0005502682549832343,
        "realistic": 0.0005502684639276397
      },
      "tail": {
        "optimistic": 0.04331710913719493,
        "pessimistic": 0.04331710913719493,
        "realistic": 0.04331710913719493
      }
    },
    "inverse_geometric_mean_rank": {
      "both": {
        "optimistic": 0.029889970069882806,
        "pessimistic": 0.029889951630989266,
        "realistic": 0.02988996084635192
      },
      "head": {
        "optimistic": 0.0018445238901351917,
        "pessimistic": 0.001844521614390579,
        "realistic": 0.0018445227517586442
      },
      "tail": {
        "optimistic": 0.48435822141236107,
        "pessimistic": 0.48435822141236107,
        "realistic": 0.48435822141236107
      }
    },
    "inverse_harmonic_mean_rank": {
      "both": {
        "optimistic": 0.4066890602325633,
        "pessimistic": 0.4066890591398347,
        "realistic": 0.406689059685639
      },
      "head": {
        "optimistic": 0.02389402288074407,
        "pessimistic": 0.023894020695286834,
        "realistic": 0.02389402178689555
      },
      "tail": {
        "optimistic": 0.7894840975843826,
        "pessimistic": 0.7894840975843826,
        "realistic": 0.7894840975843826
      }
    },
    "inverse_median_rank": {
      "both": {
        "optimistic": 0.025,
        "pessimistic": 0.025,
        "realistic": 0.025
      },
      "head": {
        "optimistic": 0.0017094017094017094,
        "pessimistic": 0.0017094017094017094,
        "realistic": 0.0017094017094017094
      },
      "tail": {
        "optimistic": 1.0,
        "pessimistic": 1.0,
        "realistic": 1.0
      }
    },
    "median_rank": {
      "both": {
        "optimistic": 40.0,
        "pessimistic": 40.0,
        "realistic": 40.0
      },
      "head": {
        "optimistic": 585.0,
        "pessimistic": 585.0,
        "realistic": 585.0
      },
      "tail": {
        "optimistic": 1.0,
        "pessimistic": 1.0,
        "realistic": 1.0
      }
    },
    "rank_mad": {
      "both": {
        "optimistic": 39.0,
        "pessimistic": 39.0,
        "realistic": 39.0
      },
      "head": {
        "optimistic": 519.0,
        "pessimistic": 519.0,
        "realistic": 519.0
      },
      "tail": {
        "optimistic": 0.0,
        "pessimistic": 0.0,
        "realistic": 0.0
      }
    },
    "rank_std": {
      "both": {
        "optimistic": 1924.161854897139,
        "pessimistic": 1924.1628162115665,
        "realistic": 1924.1623355096158
      },
      "head": {
        "optimistic": 2400.203469452596,
        "pessimistic": 2400.2044949291144,
        "realistic": 2400.203982119135
      },
      "tail": {
        "optimistic": 185.010548582152,
        "pessimistic": 185.010548582152,
        "realistic": 185.010548582152
      }
    },
    "rank_var": {
      "both": {
        "optimistic": 3702398.8438411984,
        "pessimistic": 3702402.5432912265,
        "realistic": 3702400.693393819
      },
      "head": {
        "optimistic": 5760976.69477228,
        "pessimistic": 5760981.617477925,
        "realistic": 5760979.155780553
      },
      "tail": {
        "optimistic": 34228.903086668826,
        "pessimistic": 34228.903086668826,
        "realistic": 34228.903086668826
      }
    }
  },
  "times": {
    "evaluation": 75.0899338722229,
    "training": 919.7479071617126
  }
}