{
  "losses": [
    0.0029009996476356834,
    0.0013580843581732357,
    0.0009894774983356532,
    0.0007915317627887442,
    0.0005890537780441939,
    0.0004500419514290387,
    0.00034364093487339016,
    0.00029802332128527065,
    0.00024831864208199627,
    0.000216481369467539
  ],
  "metrics": {
    "adjusted_arithmetic_mean_rank": {
      "both": {
        "realistic": 0.7906742814423775
      },
      "head": {
        "realistic": 1.5771832826263794
      },
      "tail": {
        "realistic": 0.010646109789101563
      }
    },
    "adjusted_arithmetic_mean_rank_index": {
      "both": {
        "realistic": 0.20937320884411537
      },
      "head": {
        "realistic": -0.5773147738519093
      },
      "tail": {
        "realistic": 0.9895774226055359
      }
    },
    "arithmetic_mean_rank": {
      "both": {
        "optimistic": 3485.891949396205,
        "pessimistic": 3485.892121909143,
        "realistic": 3485.892035652674
      },
      "head": {
        "optimistic": 6924.653594019552,
        "pessimistic": 6924.653939045428,
        "realistic": 6924.6537665324895
      },
      "tail": {
        "optimistic": 47.13030477285796,
        "pessimistic": 47.13030477285796,
        "realistic": 47.13030477285796
      }
    },
    "geometric_mean_rank": {
      "both": {
        "optimistic": 121.09654493619588,
        "pessimistic": 121.09655431205319,
        "realistic": 121.09654962481193
      },
      "head": {
        "optimistic": 5236.926768177805,
        "pessimistic": 5236.927579112254,
        "realistic": 5236.9271737044755
      },
      "tail": {
        "optimistic": 2.8001867974538444,
        "pessimistic": 2.8001867974538444,
        "realistic": 2.8001867974538444
      }
    },
    "harmonic_mean_rank": {
      "both": {
        "optimistic": 2.783531069547322,
        "pessimistic": 2.7835310698992597,
        "realistic": 2.7835310697233475
      },
      "head": {
        "optimistic": 682.1897204678623,
        "pessimistic": 682.1897627458052,
        "realistic": 682.189741613634
      },
      "tail": {
        "optimistic": 1.3946107420627667,
        "pessimistic": 1.3946107420627667,
        "realistic": 1.3946107420627667
      }
    },
    "hits_at_k": {
      "both": {
        "optimistic": {
          "1": 0.3392754456584244,
          "3": 0.3625646923519264,
          "5": 0.3763657274295572,
          "10": 0.399252443933295
        },
        "pessimistic": {
          "1": 0.3392754456584244,
          "3": 0.3625646923519264,
          "5": 0.3763657274295572,
          "10": 0.399252443933295
        },
        "realistic": {
          "1": 0.3392754456584244,
          "3": 0.3625646923519264,
          "5": 0.3763657274295572,
          "10": 0.399252443933295
        }
      },
      "head": {
        "optimistic": {
          "1": 0.00023001725129384704,
          "3": 0.0006900517538815411,
          "5": 0.0013801035077630822,
          "10": 0.002645198389879241
        },
        "pessimistic": {
          "1": 0.00023001725129384704,
          "3": 0.0006900517538815411,
          "5": 0.0013801035077630822,
          "10": 0.002645198389879241
        },
        "realistic": {
          "1": 0.00023001725129384704,
          "3": 0.0006900517538815411,
          "5": 0.0013801035077630822,
          "10": 0.002645198389879241
        }
      },
      "tail": {
        "optimistic": {
          "1": 0.678320874065555,
          "3": 0.7244393329499712,
          "5": 0.7513513513513513,
          "10": 0.7958596894767107
        },
        "pessimistic": {
          "1": 0.678320874065555,
          "3": 0.7244393329499712,
          "5": 0.7513513513513513,
          "10": 0.7958596894767107
        },
        "realistic": {
          "1": 0.678320874065555,
          "3": 0.7244393329499712,
          "5": 0.7513513513513513,
          "10": 0.7958596894767107
        }
      }
    },
    "inverse_arithmetic_mean_rank": {
      "both": {
        "optimistic": 0.00028687062436723293,
        "pessimistic": 0.0002868706101703236,
        "realistic": 0.0002868706172687781
      },
      "head": {
        "optimistic": 0.00014441155596052428,
        "pessimistic": 0.00014441154876511435,
        "realistic": 0.00014441155236281922
      },
      "tail": {
        "optimistic": 0.021217770706543224,
        "pessimistic": 0.021217770706543224,
        "realistic": 0.021217770706543224
      }
    },
    "inverse_geometric_mean_rank": {
      "both": {
        "optimistic": 0.008257873918094743,
        "pessimistic": 0.008257873278731816,
        "realistic": 0.008257873598366392
      },
      "head": {
        "optimistic": 0.00019095168679396127,
        "pessimistic": 0.00019095165722523064,
        "realistic": 0.00019095167200742724
      },
      "tail": {
        "optimistic": 0.35711903252643024,
        "pessimistic": 0.35711903252643024,
        "realistic": 0.35711903252643024
      }
    },
    "inverse_harmonic_mean_rank": {
      "both": {
        "optimistic": 0.35925591452536837,
        "pessimistic": 0.35925591447994565,
        "realistic": 0.3592559145026497
      },
      "head": {
        "optimistic": 0.0014658678810260811,
        "pessimistic": 0.0014658677901805688,
        "realistic": 0.0014658678355887113
      },
      "tail": {
        "optimistic": 0.7170459611697106,
        "pessimistic": 0.7170459611697106,
        "realistic": 0.7170459611697106
      }
    },
    "inverse_median_rank": {
      "both": {
        "optimistic": 0.004310344827586207,
        "pessimistic": 0.004310344827586207,
        "realistic": 0.004310344827586207
      },
      "head": {
        "optimistic": 0.00011412919424788861,
        "pessimistic": 0.00011412919424788861,
        "realistic": 0.00011412919424788861
      },
      "tail": {
        "optimistic": 1.0,
        "pessimistic": 1.0,
        "realistic": 1.0
      }
    },
    "median_rank": {
      "both": {
        "optimistic": 232.0,
        "pessimistic": 232.0,
        "realistic": 232.0
      },
      "head": {
        "optimistic": 8762.0,
        "pessimistic": 8762.0,
        "realistic": 8762.0
      },
      "tail": {
        "optimistic": 1.0,
        "pessimistic": 1.0,
        "realistic": 1.0
      }
    },
    "rank_mad": {
      "both": {
        "optimistic": 231.0,
        "pessimistic": 231.0,
        "realistic": 231.0
      },
      "head": {
        "optimistic": 86.0,
        "pessimistic": 86.0,
        "realistic": 86.0
      },
      "tail": {
        "optimistic": 0.0,
        "pessimistic": 0.0,
        "realistic": 0.0
      }
    },
    "rank_std": {
      "both": {
        "optimistic": 4010.3618690103854,
        "pessimistic": 4010.361884020724,
        "realistic": 4010.3618765101787
      },
      "head": {
        "optimistic": 2898.1288117710737,
        "pessimistic": 2898.1284439240453,
        "realistic": 2898.1286278326893
      },
      "tail": {
        "optimistic": 341.6002548915915,
        "pessimistic": 341.6002548915915,
        "realistic": 341.6002548915915
      }
    },
    "rank_var": {
      "both": {
        "optimistic": 16083002.320412472,
        "pessimistic": 16083002.440806253,
        "realistic": 16083002.380566241
      },
      "head": {
        "optimistic": 8399150.609617617,
        "pessimistic": 8399148.47748161,
        "realistic": 8399149.543463387
      },
      "tail": {
        "optimistic": 116690.73414200025,
        "pessimistic": 116690.73414200025,
        "realistic": 116690.73414200025
      }
    }
  },
  "times": {
    "evaluation": 51.803601026535034,
    "training": 802.6667828559875
  }
}